OrderID,Date,Product,Category,Quantity,Price,Region
1001,2026-01-05,Laptop,Electronics,2,55000,East
1002,2026-01-08,Mouse,Accessories,5,800,West
1003,2026-01-12,Keyboard,Accessories,3,1500,North
1004,2026-01-15,Mobile,Electronics,2,25000,South
1005,2026-02-03,Laptop,Electronics,1,55000,North
1006,2026-02-10,Headphones,Accessories,4,2500,East
1007,2026-02-18,Mobile,Electronics,3,25000,West
1008,2026-03-02,Keyboard,Accessories,6,1500,South
1009,2026-03-11,Laptop,Electronics,2,55000,East
1010,2026-03-20,Mouse,Accessories,10,800,North